Id,reviews,rates,timeStamp
1,this is a great roon with cleaning,1,1449514742
2,this is a great roon with cleaning,2,1449514742
3,this is a great roon with cleaning,3,1449514742
4,this is a great roon with parking,4,1449514742
5,this is a great roon with parking,5,1449514742
6,this is a great roon with cleaning,1,1449514742
7,this is a great roon with cleaning,2,1449514742
8,this is a great roon with cleaning,3,1449514742
9,this is a great roon with parking,4,1449514742
10,this is a great roon with parking,5,1449514742
11,this is a great roon with cleaning,1,1449514742
12,this is a great roon with cleaning,2,1449514742
13,this is a great roon with cleaning,3,1449514742
14,this is a great roon with parking,4,1449514742
15,this is a great roon with parking,5,1449514742
16,this is a great roon with cleaning,1,1449514742
17,this is a great roon with cleaning,2,1449514742
18,this is a great roon with cleaning,3,1449514742
19,this is a great roon with parking,4,1449514742
20,this is a great roon with parking,5,1449514742
21,this is a great roon with cleaning,1,1449514742
22,this is a great roon with cleaning,2,1449514742
23,this is a great roon with cleaning,3,1449514742
24,this is a great roon with parking,4,1449514742
25,this is a great roon with parking,5,1449514742
26,this is a great roon with sheet,1,1449514742
27,this is a great roon with sheet,1,1449514742
28,this is a great roon with sheet,1,1449514742
29,this is a great roon with sheet,1,1449514742
30,this is a great roon with sheet,2,1449514742
31,this is a great roon with sheet,3,1449514742
32,this is a great roon with sheet,1,1449514742
33,this is a great roon with sheet,2,1449514742
34,this is a great roon with bedclothes,3,1449514742
35,this is a great roon with bedspread,1,1449514742
36,this is a great roon with bedspread,3,1449514742
37,this is a great roon with bedspread,1,1449514742
38,this is a great roon with bedspread,5,1449514742
39,this is a great roon with bedspread,5,1449514742
40,this is a great roon with bedspread,4,1449514742
41,this is a great roon with sheet,5,1449514742
42,this is a great roon with sheet,5,1449514742
43,this is a great roon with bedclothes,5,1449514742
44,this is a great roon with bedspread,2,1449514742
45,this is a great roon with bedclothes,4,1449514742
46,this is a great roon with sheet,3,1449514742
47,this is a great roon with bedclothes,2,1449514742
48,this is a great roon with bedclothes,2,1449514742
49,this is a great roon with bedclothes,3,1449514742
50,this is a great roon with sheet,4,1449514742
51,this is a great roon with sheet,4,1449514742
52,this is a great roon with bedclothes,5,1449514742
53,this is a great roon with bedspread,2,1449514742
54,the bathroom is very derty,3,1449514742
55,the bathroom is very derty,3,1449514742
56,the bathroom is very derty,3,1449514742
57,the bathroom is very derty,4,1449514742
58,the bathroom is very derty,4,1449514742
59,the bathroom is very derty,4,1449514742
60,the bathroom is very derty,4,1449514742
61,the bathroom is very derty,4,1449514742
62,the bathroom is very derty,4,1449514742
63,the bathroom is very derty,4,1449514742
64,the bathroom is very derty,1,1449514742
65,the bathroom is very derty,1,1449514742
66,the bathroom is very derty,1,1449514742
67,the bathroom is very derty,1,1449514742
68,the bathroom is very derty,1,1449514742
69,the bathroom is very derty,1,1449514742
70,the bathroom is very derty,1,1449514742
71,the bathroom is very derty,5,1449514742
72,the bathroom is very derty,5,1449514742
73,the bathroom is very derty,5,1449514742
74,the bathroom is very derty,2,1449514742
75,the bathroom is very derty,2,1449514742
76,the bathroom is very derty,1,1449514742
77,the bathroom is very derty,1,1449514742
78,the bathroom is very derty,1,1449514742
79,the bathroom is very derty,1,1449514742
80,the bathroom is very derty,1,1449514742
81,the bathroom is very derty,2,1449514742
82,the washroom is very derty,3,1449514742
83,the washroom is very derty,3,1449514742
84,the washroom is very derty,3,1449514742
85,the washroom is very derty,4,1449514742
86,the washroom is very derty,4,1449514742
87,the washroom is very derty,4,1449514742
88,the washroom is very derty,4,1449514742
89,the washroom is very derty,4,1449514742
90,the washroom is very derty,4,1449514742
91,the washroom is very derty,4,1449514742
92,the washroom is very derty,1,1449514742
93,the washroom is very derty,1,1449514742
94,the washroom is very derty,1,1449514742
95,the washroom is very derty,1,1449514742
96,the washroom is very derty,1,1449514742
97,the washroom is very derty,1,1449514742
98,the washroom is very derty,1,1449514742
